{
	"info": {
		"_postman_id": "91a47f81-e1f7-4ba1-829f-40980b8470de",
		"name": "ReqRes",
		"schema": "https://schema.getpostman.com/json/collection/v2.1.0/collection.json",
		"_exporter_id": "5268073"
	},
	"item": [
		{
			"name": "Retrieve a specific user",
			"event": [
				{
					"listen": "test",
					"script": {
						"exec": [
							"// Describe the expected response shape with JSON Schema\r",
							"// https://json-schema.org/\r",
							"const expectedSchema = {\r",
							"  \"$schema\": \"http://json-schema.org/draft-07/schema#\",\r",
							"  \"title\": \"Generated schema for Root\",\r",
							"  \"type\": \"object\",\r",
							"  \"properties\": {\r",
							"    \"data\": {\r",
							"      \"type\": \"object\",\r",
							"      \"properties\": {\r",
							"        \"id\": {\r",
							"          \"type\": \"number\"\r",
							"        },\r",
							"        \"email\": {\r",
							"          \"type\": \"string\"\r",
							"        },\r",
							"        \"first_name\": {\r",
							"          \"type\": \"string\"\r",
							"        },\r",
							"        \"last_name\": {\r",
							"          \"type\": \"string\"\r",
							"        },\r",
							"        \"avatar\": {\r",
							"          \"type\": \"string\"\r",
							"        }\r",
							"      },\r",
							"      \"required\": [\r",
							"        \"id\",\r",
							"        \"email\",\r",
							"        \"first_name\",\r",
							"        \"last_name\",\r",
							"        \"avatar\"\r",
							"      ]\r",
							"    },\r",
							"    \"support\": {\r",
							"      \"type\": \"object\",\r",
							"      \"properties\": {\r",
							"        \"url\": {\r",
							"          \"type\": \"string\"\r",
							"        },\r",
							"        \"text\": {\r",
							"          \"type\": \"string\"\r",
							"        }\r",
							"      },\r",
							"      \"required\": [\r",
							"        \"url\",\r",
							"        \"text\"\r",
							"      ]\r",
							"    }\r",
							"  },\r",
							"  \"required\": [\r",
							"    \"data\",\r",
							"    \"support\"\r",
							"  ]\r",
							"};\r",
							"\r",
							"// Test that the response matches the expected schema using built-in schema verification\r",
							"pm.test('response matches JSON schema', () => {\r",
							"    pm.response.to.have.jsonSchema(expectedSchema);\r",
							"});\r",
							"\r",
							"\r",
							"// Validate that the response code should be 200\r",
							"pm.test(\"Status code is 200\", function () {\r",
							"    pm.response.to.have.status(200);\r",
							"});\r",
							"\r",
							"const json = pm.response.json();\r",
							"\r",
							"// The response body, including individual attributes can be evaluated for correctness\r",
							"pm.test(\"`args` should contain the correct query params\", function () {\r",
							"    pm.expect(json.data.id).to.eql(10);\r",
							"    pm.expect(json.data.first_name).to.eql('Byron');\r",
							"});\r",
							""
						],
						"type": "text/javascript"
					}
				}
			],
			"request": {
				"method": "GET",
				"header": [
					{
						"key": "id",
						"value": "10",
						"type": "text"
					}
				],
				"url": {
					"raw": "https://reqres.in/api/users/:id",
					"protocol": "https",
					"host": [
						"reqres",
						"in"
					],
					"path": [
						"api",
						"users",
						":id"
					],
					"variable": [
						{
							"key": "id",
							"value": "10"
						}
					]
				}
			},
			"response": []
		},
		{
			"name": "Retrieve a list of users with Query Param",
			"event": [
				{
					"listen": "test",
					"script": {
						"exec": [
							"// Describe the expected response shape with JSON Schema\r",
							"// https://json-schema.org/\r",
							"const expectedSchema = {\r",
							"  \"$schema\": \"http://json-schema.org/draft-07/schema#\",\r",
							"  \"title\": \"Generated schema for Root\",\r",
							"  \"type\": \"object\",\r",
							"  \"properties\": {\r",
							"    \"page\": {\r",
							"      \"type\": \"number\"\r",
							"    },\r",
							"    \"per_page\": {\r",
							"      \"type\": \"number\"\r",
							"    },\r",
							"    \"total\": {\r",
							"      \"type\": \"number\"\r",
							"    },\r",
							"    \"total_pages\": {\r",
							"      \"type\": \"number\"\r",
							"    },\r",
							"    \"data\": {\r",
							"      \"type\": \"array\",\r",
							"      \"items\": {\r",
							"        \"type\": \"object\",\r",
							"        \"properties\": {\r",
							"          \"id\": {\r",
							"            \"type\": \"number\"\r",
							"          },\r",
							"          \"email\": {\r",
							"            \"type\": \"string\"\r",
							"          },\r",
							"          \"first_name\": {\r",
							"            \"type\": \"string\"\r",
							"          },\r",
							"          \"last_name\": {\r",
							"            \"type\": \"string\"\r",
							"          },\r",
							"          \"avatar\": {\r",
							"            \"type\": \"string\"\r",
							"          }\r",
							"        },\r",
							"        \"required\": [\r",
							"          \"id\",\r",
							"          \"email\",\r",
							"          \"first_name\",\r",
							"          \"last_name\",\r",
							"          \"avatar\"\r",
							"        ]\r",
							"      }\r",
							"    },\r",
							"    \"support\": {\r",
							"      \"type\": \"object\",\r",
							"      \"properties\": {\r",
							"        \"url\": {\r",
							"          \"type\": \"string\"\r",
							"        },\r",
							"        \"text\": {\r",
							"          \"type\": \"string\"\r",
							"        }\r",
							"      },\r",
							"      \"required\": [\r",
							"        \"url\",\r",
							"        \"text\"\r",
							"      ]\r",
							"    }\r",
							"  },\r",
							"  \"required\": [\r",
							"    \"page\",\r",
							"    \"per_page\",\r",
							"    \"total\",\r",
							"    \"total_pages\",\r",
							"    \"data\",\r",
							"    \"support\"\r",
							"  ]\r",
							"};\r",
							"\r",
							"// Test that the response matches the expected schema using built-in schema verification\r",
							"pm.test('response matches JSON schema', () => {\r",
							"    pm.response.to.have.jsonSchema(expectedSchema);\r",
							"});\r",
							"\r",
							"// Validate that the response code should be 200\r",
							"pm.test(\"Status code is 200\", function () {\r",
							"    pm.response.to.have.status(200);\r",
							"});\r",
							"\r",
							"const json = pm.response.json();\r",
							"\r",
							"// The response body, including individual attributes can be evaluated for correctness\r",
							"pm.test(\"`args` should contain the correct query params\", function () {\r",
							"    pm.expect(json.page).to.eql(2);\r",
							"    pm.expect(json.per_page).to.eql(6);\r",
							"});"
						],
						"type": "text/javascript"
					}
				}
			],
			"request": {
				"method": "GET",
				"header": [],
				"url": {
					"raw": "https://reqres.in/api/users?page=2&per_page=6",
					"protocol": "https",
					"host": [
						"reqres",
						"in"
					],
					"path": [
						"api",
						"users"
					],
					"query": [
						{
							"key": "page",
							"value": "2"
						},
						{
							"key": "per_page",
							"value": "6"
						}
					]
				}
			},
			"response": []
		},
		{
			"name": "Retrieve a list of users with Query and Path Parameter",
			"event": [
				{
					"listen": "test",
					"script": {
						"exec": [
							"// Describe the expected response shape with JSON Schema\r",
							"// https://json-schema.org/\r",
							"const expectedSchema = {\r",
							"  \"$schema\": \"http://json-schema.org/draft-07/schema#\",\r",
							"  \"title\": \"Generated schema for Root\",\r",
							"  \"type\": \"object\",\r",
							"  \"properties\": {\r",
							"    \"data\": {\r",
							"      \"type\": \"object\",\r",
							"      \"properties\": {\r",
							"        \"id\": {\r",
							"          \"type\": \"number\"\r",
							"        },\r",
							"        \"email\": {\r",
							"          \"type\": \"string\"\r",
							"        },\r",
							"        \"first_name\": {\r",
							"          \"type\": \"string\"\r",
							"        },\r",
							"        \"last_name\": {\r",
							"          \"type\": \"string\"\r",
							"        },\r",
							"        \"avatar\": {\r",
							"          \"type\": \"string\"\r",
							"        }\r",
							"      },\r",
							"      \"required\": [\r",
							"        \"id\",\r",
							"        \"email\",\r",
							"        \"first_name\",\r",
							"        \"last_name\",\r",
							"        \"avatar\"\r",
							"      ]\r",
							"    },\r",
							"    \"support\": {\r",
							"      \"type\": \"object\",\r",
							"      \"properties\": {\r",
							"        \"url\": {\r",
							"          \"type\": \"string\"\r",
							"        },\r",
							"        \"text\": {\r",
							"          \"type\": \"string\"\r",
							"        }\r",
							"      },\r",
							"      \"required\": [\r",
							"        \"url\",\r",
							"        \"text\"\r",
							"      ]\r",
							"    }\r",
							"  },\r",
							"  \"required\": [\r",
							"    \"data\",\r",
							"    \"support\"\r",
							"  ]\r",
							"};\r",
							"\r",
							"// Test that the response matches the expected schema using built-in schema verification\r",
							"pm.test('response matches JSON schema', () => {\r",
							"    pm.response.to.have.jsonSchema(expectedSchema);\r",
							"});\r",
							"\r",
							"// Validate that the response code should be 200\r",
							"pm.test(\"Status code is 200\", function () {\r",
							"    pm.response.to.have.status(200);\r",
							"});\r",
							"\r",
							"const json = pm.response.json();\r",
							"\r",
							"// The response body, including individual attributes can be evaluated for correctness\r",
							"pm.test(\"`args` should contain the correct query params\", function () {\r",
							"    pm.expect(json.data.id).to.eql(10);\r",
							"    pm.expect(json.data.first_name).to.eql('Byron');\r",
							"});"
						],
						"type": "text/javascript"
					}
				}
			],
			"request": {
				"method": "GET",
				"header": [],
				"url": {
					"raw": "https://reqres.in/api/users/:id?page=2&per_page=6",
					"protocol": "https",
					"host": [
						"reqres",
						"in"
					],
					"path": [
						"api",
						"users",
						":id"
					],
					"query": [
						{
							"key": "page",
							"value": "2"
						},
						{
							"key": "per_page",
							"value": "6"
						}
					],
					"variable": [
						{
							"key": "id",
							"value": "10"
						}
					]
				}
			},
			"response": []
		},
		{
			"name": "Create a new user",
			"event": [
				{
					"listen": "test",
					"script": {
						"exec": [
							"// Describe the expected response shape with JSON Schema\r",
							"// https://json-schema.org/\r",
							"const expectedSchema = {\r",
							"  \"$schema\": \"http://json-schema.org/draft-07/schema#\",\r",
							"  \"title\": \"Generated schema for Root\",\r",
							"  \"type\": \"object\",\r",
							"  \"properties\": {\r",
							"    \"name\": {\r",
							"      \"type\": \"string\"\r",
							"    },\r",
							"    \"job\": {\r",
							"      \"type\": \"string\"\r",
							"    },\r",
							"    \"id\": {\r",
							"      \"type\": \"string\"\r",
							"    },\r",
							"    \"createdAt\": {\r",
							"      \"type\": \"string\"\r",
							"    }\r",
							"  },\r",
							"  \"required\": [\r",
							"    \"name\",\r",
							"    \"job\",\r",
							"    \"id\",\r",
							"    \"createdAt\"\r",
							"  ]\r",
							"};\r",
							"\r",
							"// Test that the response matches the expected schema using built-in schema verification\r",
							"pm.test('response matches JSON schema', () => {\r",
							"    pm.response.to.have.jsonSchema(expectedSchema);\r",
							"});\r",
							"\r",
							"// Validate that the response code should be 201\r",
							"pm.test(\"Status code is 201\", function () {\r",
							"    pm.response.to.have.status(201);\r",
							"});\r",
							"\r",
							"const json = pm.response.json();\r",
							"\r",
							"// The response body, including individual attributes can be evaluated for correctness\r",
							"pm.test(\"`args` should contain the correct query params\", function () {\r",
							"    pm.expect(json.name).to.eql('mario');\r",
							"    pm.expect(json.job).to.eql('plumber');\r",
							"});"
						],
						"type": "text/javascript"
					}
				}
			],
			"request": {
				"method": "POST",
				"header": [
					{
						"key": "Content-Type",
						"value": "application/json"
					}
				],
				"body": {
					"mode": "raw",
					"raw": "{\r\n    \"name\": \"mario\",\r\n    \"job\": \"plumber\"\r\n}"
				},
				"url": {
					"raw": "https://reqres.in/api/users/",
					"protocol": "https",
					"host": [
						"reqres",
						"in"
					],
					"path": [
						"api",
						"users",
						""
					]
				}
			},
			"response": []
		},
		{
			"name": "Update an existing user",
			"event": [
				{
					"listen": "test",
					"script": {
						"exec": [
							"// Describe the expected response shape with JSON Schema\r",
							"// https://json-schema.org/\r",
							"const expectedSchema = {\r",
							"  \"$schema\": \"http://json-schema.org/draft-07/schema#\",\r",
							"  \"title\": \"Generated schema for Root\",\r",
							"  \"type\": \"object\",\r",
							"  \"properties\": {\r",
							"    \"name\": {\r",
							"      \"type\": \"string\"\r",
							"    },\r",
							"    \"job\": {\r",
							"      \"type\": \"string\"\r",
							"    }\r",
							"  },\r",
							"  \"required\": [\r",
							"    \"name\",\r",
							"    \"job\"\r",
							"  ]\r",
							"};\r",
							"\r",
							"// Test that the response matches the expected schema using built-in schema verification\r",
							"pm.test('response matches JSON schema', () => {\r",
							"    pm.response.to.have.jsonSchema(expectedSchema);\r",
							"});\r",
							"\r",
							"\r",
							"// Validate that the response code should be 200\r",
							"pm.test(\"Status code is 200\", function () {\r",
							"    pm.response.to.have.status(208);\r",
							"});\r",
							"\r",
							"const json = pm.response.json();\r",
							"\r",
							"// The response body, including individual attributes can be evaluated for correctness\r",
							"pm.test(\"`args` should contain the correct query params\", function () {\r",
							"    pm.expect(json.name).to.eql('mario99');\r",
							"    pm.expect(json.job).to.eql('hero');\r",
							"});"
						],
						"type": "text/javascript"
					}
				}
			],
			"request": {
				"method": "PUT",
				"header": [
					{
						"key": "Content-Type",
						"value": "application/json"
					}
				],
				"body": {
					"mode": "raw",
					"raw": "{\r\n    \"name\": \"mario9\",\r\n    \"job\": \"hero\"\r\n}"
				},
				"url": {
					"raw": "https://reqres.in/api/users/:id",
					"protocol": "https",
					"host": [
						"reqres",
						"in"
					],
					"path": [
						"api",
						"users",
						":id"
					],
					"variable": [
						{
							"key": "id",
							"value": "10"
						}
					]
				}
			},
			"response": []
		},
		{
			"name": "Delete existing users",
			"event": [
				{
					"listen": "test",
					"script": {
						"exec": [
							"// Validate that the response code should be 204\r",
							"pm.test(\"Status code is 204\", function () {\r",
							"    pm.response.to.have.status(204);\r",
							"});"
						],
						"type": "text/javascript"
					}
				}
			],
			"request": {
				"method": "DELETE",
				"header": [],
				"url": {
					"raw": "https://reqres.in/api/users/:id",
					"protocol": "https",
					"host": [
						"reqres",
						"in"
					],
					"path": [
						"api",
						"users",
						":id"
					],
					"variable": [
						{
							"key": "id",
							"value": "10"
						}
					]
				}
			},
			"response": []
		}
	]
}